mes,modelo,vuelos,tasa_retraso,roc_auc,average_precision,precision_top10,recall_top10,lift_top10,retrasos_detectados
10,Logística,581633,0.18164031270577838,0.6579750643675463,0.29405630576659203,0.36340347981569354,0.20007004391943056,2.000676360893167,21137
10,Boosting 400k,581633,0.18164031270577838,0.6569647905666707,0.3034146213389953,0.3737019462210302,0.205739815235499,2.0573733917005192,21736
10,Boosting 1M,581633,0.18164031270577838,0.6612484547872957,0.3074507718734626,0.3808025582834743,0.20964902317128578,2.0964650005877257,22149
11,Logística,572369,0.15027019283014978,0.6317858660099709,0.2333062925785966,0.28626587696769573,0.19050110452272992,1.9050077169413213,16385
11,Boosting 400k,572369,0.15027019283014978,0.6329373609459955,0.23467472485579927,0.28783828642311793,0.19154749447738634,1.9154715982061805,16475
11,Boosting 1M,572369,0.15027019283014978,0.6378519597253957,0.23882911540712198,0.29863549801701694,0.19873270549936053,1.9873235828915472,17093
12,Logística,565012,0.2199103735849858,0.6088522677684935,0.304761994137567,0.3688365013627836,0.16772365837169623,1.6772128360749856,20840
12,Boosting 400k,565012,0.2199103735849858,0.6165751784260096,0.31343621889704865,0.3804113128738806,0.17298715513633584,1.7298470584738839,21494
12,Boosting 1M,565012,0.2199103735849858,0.6209029633764055,0.31944822156359454,0.39387986265972885,0.17911180504136753,1.7910926903478313,22255
